id,name,category,price,unit,image,description
1,Tomato,Vegetables,194,kg,https://source.unsplash.com/400x400/?Tomato,"Fresh Tomato from local farms. High quality vegetables product, rich in nutrients and perfect for daily use."
2,Potato,Vegetables,116,kg,https://source.unsplash.com/400x400/?Potato,"Fresh Potato from local farms. High quality vegetables product, rich in nutrients and perfect for daily use."
3,Onion,Vegetables,83,kg,https://source.unsplash.com/400x400/?Onion,"Fresh Onion from local farms. High quality vegetables product, rich in nutrients and perfect for daily use."
4,Carrot,Vegetables,88,kg,https://source.unsplash.com/400x400/?Carrot,"Fresh Carrot from local farms. High quality vegetables product, rich in nutrients and perfect for daily use."
5,Spinach,Vegetables,176,kg,https://source.unsplash.com/400x400/?Spinach,"Fresh Spinach from local farms. High quality vegetables product, rich in nutrients and perfect for daily use."
6,Cabbage,Vegetables,29,kg,https://source.unsplash.com/400x400/?Cabbage,"Fresh Cabbage from local farms. High quality vegetables product, rich in nutrients and perfect for daily use."
7,Apple,Fruits,276,kg,https://source.unsplash.com/400x400/?Apple,"Fresh Apple from local farms. High quality fruits product, rich in nutrients and perfect for daily use."
8,Banana,Fruits,152,kg,https://source.unsplash.com/400x400/?Banana,"Fresh Banana from local farms. High quality fruits product, rich in nutrients and perfect for daily use."
9,Orange,Fruits,79,kg,https://source.unsplash.com/400x400/?Orange,"Fresh Orange from local farms. High quality fruits product, rich in nutrients and perfect for daily use."
10,Mango,Fruits,194,kg,https://source.unsplash.com/400x400/?Mango,"Fresh Mango from local farms. High quality fruits product, rich in nutrients and perfect for daily use."
11,Grapes,Fruits,264,kg,https://source.unsplash.com/400x400/?Grapes,"Fresh Grapes from local farms. High quality fruits product, rich in nutrients and perfect for daily use."
12,Papaya,Fruits,22,kg,https://source.unsplash.com/400x400/?Papaya,"Fresh Papaya from local farms. High quality fruits product, rich in nutrients and perfect for daily use."
13,Milk,Dairy,51,kg,https://source.unsplash.com/400x400/?Milk,"Fresh Milk from local farms. High quality dairy product, rich in nutrients and perfect for daily use."
14,Cheese,Dairy,82,kg,https://source.unsplash.com/400x400/?Cheese,"Fresh Cheese from local farms. High quality dairy product, rich in nutrients and perfect for daily use."
15,Butter,Dairy,284,kg,https://source.unsplash.com/400x400/?Butter,"Fresh Butter from local farms. High quality dairy product, rich in nutrients and perfect for daily use."
16,Paneer,Dairy,104,kg,https://source.unsplash.com/400x400/?Paneer,"Fresh Paneer from local farms. High quality dairy product, rich in nutrients and perfect for daily use."
17,Yogurt,Dairy,168,kg,https://source.unsplash.com/400x400/?Yogurt,"Fresh Yogurt from local farms. High quality dairy product, rich in nutrients and perfect for daily use."
18,Rice,Grains,162,kg,https://source.unsplash.com/400x400/?Rice,"Fresh Rice from local farms. High quality grains product, rich in nutrients and perfect for daily use."
19,Wheat,Grains,56,kg,https://source.unsplash.com/400x400/?Wheat,"Fresh Wheat from local farms. High quality grains product, rich in nutrients and perfect for daily use."
20,Barley,Grains,260,kg,https://source.unsplash.com/400x400/?Barley,"Fresh Barley from local farms. High quality grains product, rich in nutrients and perfect for daily use."
21,Oats,Grains,255,kg,https://source.unsplash.com/400x400/?Oats,"Fresh Oats from local farms. High quality grains product, rich in nutrients and perfect for daily use."
22,Corn,Grains,99,kg,https://source.unsplash.com/400x400/?Corn,"Fresh Corn from local farms. High quality grains product, rich in nutrients and perfect for daily use."
23,Tomato,Vegetables,140,kg,https://source.unsplash.com/400x400/?Tomato,"Fresh Tomato from local farms. High quality vegetables product, rich in nutrients and perfect for daily use."
24,Potato,Vegetables,130,kg,https://source.unsplash.com/400x400/?Potato,"Fresh Potato from local farms. High quality vegetables product, rich in nutrients and perfect for daily use."
25,Onion,Vegetables,238,kg,https://source.unsplash.com/400x400/?Onion,"Fresh Onion from local farms. High quality vegetables product, rich in nutrients and perfect for daily use."
26,Carrot,Vegetables,221,kg,https://source.unsplash.com/400x400/?Carrot,"Fresh Carrot from local farms. High quality vegetables product, rich in nutrients and perfect for daily use."
27,Spinach,Vegetables,90,kg,https://source.unsplash.com/400x400/?Spinach,"Fresh Spinach from local farms. High quality vegetables product, rich in nutrients and perfect for daily use."
28,Cabbage,Vegetables,234,kg,https://source.unsplash.com/400x400/?Cabbage,"Fresh Cabbage from local farms. High quality vegetables product, rich in nutrients and perfect for daily use."
29,Apple,Fruits,167,kg,https://source.unsplash.com/400x400/?Apple,"Fresh Apple from local farms. High quality fruits product, rich in nutrients and perfect for daily use."
30,Banana,Fruits,41,kg,https://source.unsplash.com/400x400/?Banana,"Fresh Banana from local farms. High quality fruits product, rich in nutrients and perfect for daily use."
31,Orange,Fruits,25,kg,https://source.unsplash.com/400x400/?Orange,"Fresh Orange from local farms. High quality fruits product, rich in nutrients and perfect for daily use."
32,Mango,Fruits,28,kg,https://source.unsplash.com/400x400/?Mango,"Fresh Mango from local farms. High quality fruits product, rich in nutrients and perfect for daily use."
33,Grapes,Fruits,145,kg,https://source.unsplash.com/400x400/?Grapes,"Fresh Grapes from local farms. High quality fruits product, rich in nutrients and perfect for daily use."
34,Papaya,Fruits,275,kg,https://source.unsplash.com/400x400/?Papaya,"Fresh Papaya from local farms. High quality fruits product, rich in nutrients and perfect for daily use."
35,Milk,Dairy,185,kg,https://source.unsplash.com/400x400/?Milk,"Fresh Milk from local farms. High quality dairy product, rich in nutrients and perfect for daily use."
36,Cheese,Dairy,78,kg,https://source.unsplash.com/400x400/?Cheese,"Fresh Cheese from local farms. High quality dairy product, rich in nutrients and perfect for daily use."
37,Butter,Dairy,150,kg,https://source.unsplash.com/400x400/?Butter,"Fresh Butter from local farms. High quality dairy product, rich in nutrients and perfect for daily use."
38,Paneer,Dairy,68,kg,https://source.unsplash.com/400x400/?Paneer,"Fresh Paneer from local farms. High quality dairy product, rich in nutrients and perfect for daily use."
39,Yogurt,Dairy,42,kg,https://source.unsplash.com/400x400/?Yogurt,"Fresh Yogurt from local farms. High quality dairy product, rich in nutrients and perfect for daily use."
40,Rice,Grains,245,kg,https://source.unsplash.com/400x400/?Rice,"Fresh Rice from local farms. High quality grains product, rich in nutrients and perfect for daily use."
41,Wheat,Grains,128,kg,https://source.unsplash.com/400x400/?Wheat,"Fresh Wheat from local farms. High quality grains product, rich in nutrients and perfect for daily use."
42,Barley,Grains,36,kg,https://source.unsplash.com/400x400/?Barley,"Fresh Barley from local farms. High quality grains product, rich in nutrients and perfect for daily use."
43,Oats,Grains,242,kg,https://source.unsplash.com/400x400/?Oats,"Fresh Oats from local farms. High quality grains product, rich in nutrients and perfect for daily use."
44,Corn,Grains,166,kg,https://source.unsplash.com/400x400/?Corn,"Fresh Corn from local farms. High quality grains product, rich in nutrients and perfect for daily use."
45,Tomato,Vegetables,65,kg,https://source.unsplash.com/400x400/?Tomato,"Fresh Tomato from local farms. High quality vegetables product, rich in nutrients and perfect for daily use."
46,Potato,Vegetables,122,kg,https://source.unsplash.com/400x400/?Potato,"Fresh Potato from local farms. High quality vegetables product, rich in nutrients and perfect for daily use."
47,Onion,Vegetables,142,kg,https://source.unsplash.com/400x400/?Onion,"Fresh Onion from local farms. High quality vegetables product, rich in nutrients and perfect for daily use."
48,Carrot,Vegetables,137,kg,https://source.unsplash.com/400x400/?Carrot,"Fresh Carrot from local farms. High quality vegetables product, rich in nutrients and perfect for daily use."
49,Spinach,Vegetables,63,kg,https://source.unsplash.com/400x400/?Spinach,"Fresh Spinach from local farms. High quality vegetables product, rich in nutrients and perfect for daily use."
50,Cabbage,Vegetables,210,kg,https://source.unsplash.com/400x400/?Cabbage,"Fresh Cabbage from local farms. High quality vegetables product, rich in nutrients and perfect for daily use."
51,Apple,Fruits,248,kg,https://source.unsplash.com/400x400/?Apple,"Fresh Apple from local farms. High quality fruits product, rich in nutrients and perfect for daily use."
52,Banana,Fruits,179,kg,https://source.unsplash.com/400x400/?Banana,"Fresh Banana from local farms. High quality fruits product, rich in nutrients and perfect for daily use."
53,Orange,Fruits,212,kg,https://source.unsplash.com/400x400/?Orange,"Fresh Orange from local farms. High quality fruits product, rich in nutrients and perfect for daily use."
54,Mango,Fruits,125,kg,https://source.unsplash.com/400x400/?Mango,"Fresh Mango from local farms. High quality fruits product, rich in nutrients and perfect for daily use."
55,Grapes,Fruits,49,kg,https://source.unsplash.com/400x400/?Grapes,"Fresh Grapes from local farms. High quality fruits product, rich in nutrients and perfect for daily use."
56,Papaya,Fruits,195,kg,https://source.unsplash.com/400x400/?Papaya,"Fresh Papaya from local farms. High quality fruits product, rich in nutrients and perfect for daily use."
57,Milk,Dairy,162,kg,https://source.unsplash.com/400x400/?Milk,"Fresh Milk from local farms. High quality dairy product, rich in nutrients and perfect for daily use."
58,Cheese,Dairy,51,kg,https://source.unsplash.com/400x400/?Cheese,"Fresh Cheese from local farms. High quality dairy product, rich in nutrients and perfect for daily use."
59,Butter,Dairy,253,kg,https://source.unsplash.com/400x400/?Butter,"Fresh Butter from local farms. High quality dairy product, rich in nutrients and perfect for daily use."
60,Paneer,Dairy,248,kg,https://source.unsplash.com/400x400/?Paneer,"Fresh Paneer from local farms. High quality dairy product, rich in nutrients and perfect for daily use."
61,Yogurt,Dairy,171,kg,https://source.unsplash.com/400x400/?Yogurt,"Fresh Yogurt from local farms. High quality dairy product, rich in nutrients and perfect for daily use."
62,Rice,Grains,121,kg,https://source.unsplash.com/400x400/?Rice,"Fresh Rice from local farms. High quality grains product, rich in nutrients and perfect for daily use."
63,Wheat,Grains,174,kg,https://source.unsplash.com/400x400/?Wheat,"Fresh Wheat from local farms. High quality grains product, rich in nutrients and perfect for daily use."
64,Barley,Grains,172,kg,https://source.unsplash.com/400x400/?Barley,"Fresh Barley from local farms. High quality grains product, rich in nutrients and perfect for daily use."
65,Oats,Grains,153,kg,https://source.unsplash.com/400x400/?Oats,"Fresh Oats from local farms. High quality grains product, rich in nutrients and perfect for daily use."
66,Corn,Grains,172,kg,https://source.unsplash.com/400x400/?Corn,"Fresh Corn from local farms. High quality grains product, rich in nutrients and perfect for daily use."
67,Tomato,Vegetables,20,kg,https://source.unsplash.com/400x400/?Tomato,"Fresh Tomato from local farms. High quality vegetables product, rich in nutrients and perfect for daily use."
68,Potato,Vegetables,273,kg,https://source.unsplash.com/400x400/?Potato,"Fresh Potato from local farms. High quality vegetables product, rich in nutrients and perfect for daily use."
69,Onion,Vegetables,37,kg,https://source.unsplash.com/400x400/?Onion,"Fresh Onion from local farms. High quality vegetables product, rich in nutrients and perfect for daily use."
70,Carrot,Vegetables,286,kg,https://source.unsplash.com/400x400/?Carrot,"Fresh Carrot from local farms. High quality vegetables product, rich in nutrients and perfect for daily use."
71,Spinach,Vegetables,231,kg,https://source.unsplash.com/400x400/?Spinach,"Fresh Spinach from local farms. High quality vegetables product, rich in nutrients and perfect for daily use."
72,Cabbage,Vegetables,246,kg,https://source.unsplash.com/400x400/?Cabbage,"Fresh Cabbage from local farms. High quality vegetables product, rich in nutrients and perfect for daily use."
73,Apple,Fruits,211,kg,https://source.unsplash.com/400x400/?Apple,"Fresh Apple from local farms. High quality fruits product, rich in nutrients and perfect for daily use."
74,Banana,Fruits,138,kg,https://source.unsplash.com/400x400/?Banana,"Fresh Banana from local farms. High quality fruits product, rich in nutrients and perfect for daily use."
75,Orange,Fruits,214,kg,https://source.unsplash.com/400x400/?Orange,"Fresh Orange from local farms. High quality fruits product, rich in nutrients and perfect for daily use."
76,Mango,Fruits,289,kg,https://source.unsplash.com/400x400/?Mango,"Fresh Mango from local farms. High quality fruits product, rich in nutrients and perfect for daily use."
77,Grapes,Fruits,271,kg,https://source.unsplash.com/400x400/?Grapes,"Fresh Grapes from local farms. High quality fruits product, rich in nutrients and perfect for daily use."
78,Papaya,Fruits,258,kg,https://source.unsplash.com/400x400/?Papaya,"Fresh Papaya from local farms. High quality fruits product, rich in nutrients and perfect for daily use."
79,Milk,Dairy,93,kg,https://source.unsplash.com/400x400/?Milk,"Fresh Milk from local farms. High quality dairy product, rich in nutrients and perfect for daily use."
80,Cheese,Dairy,218,kg,https://source.unsplash.com/400x400/?Cheese,"Fresh Cheese from local farms. High quality dairy product, rich in nutrients and perfect for daily use."
81,Butter,Dairy,30,kg,https://source.unsplash.com/400x400/?Butter,"Fresh Butter from local farms. High quality dairy product, rich in nutrients and perfect for daily use."
82,Paneer,Dairy,206,kg,https://source.unsplash.com/400x400/?Paneer,"Fresh Paneer from local farms. High quality dairy product, rich in nutrients and perfect for daily use."
83,Yogurt,Dairy,242,kg,https://source.unsplash.com/400x400/?Yogurt,"Fresh Yogurt from local farms. High quality dairy product, rich in nutrients and perfect for daily use."
84,Rice,Grains,213,kg,https://source.unsplash.com/400x400/?Rice,"Fresh Rice from local farms. High quality grains product, rich in nutrients and perfect for daily use."
85,Wheat,Grains,214,kg,https://source.unsplash.com/400x400/?Wheat,"Fresh Wheat from local farms. High quality grains product, rich in nutrients and perfect for daily use."
86,Barley,Grains,212,kg,https://source.unsplash.com/400x400/?Barley,"Fresh Barley from local farms. High quality grains product, rich in nutrients and perfect for daily use."
87,Oats,Grains,100,kg,https://source.unsplash.com/400x400/?Oats,"Fresh Oats from local farms. High quality grains product, rich in nutrients and perfect for daily use."
88,Corn,Grains,225,kg,https://source.unsplash.com/400x400/?Corn,"Fresh Corn from local farms. High quality grains product, rich in nutrients and perfect for daily use."
89,Tomato,Vegetables,237,kg,https://source.unsplash.com/400x400/?Tomato,"Fresh Tomato from local farms. High quality vegetables product, rich in nutrients and perfect for daily use."
90,Potato,Vegetables,43,kg,https://source.unsplash.com/400x400/?Potato,"Fresh Potato from local farms. High quality vegetables product, rich in nutrients and perfect for daily use."
91,Onion,Vegetables,203,kg,https://source.unsplash.com/400x400/?Onion,"Fresh Onion from local farms. High quality vegetables product, rich in nutrients and perfect for daily use."
92,Carrot,Vegetables,237,kg,https://source.unsplash.com/400x400/?Carrot,"Fresh Carrot from local farms. High quality vegetables product, rich in nutrients and perfect for daily use."
93,Spinach,Vegetables,28,kg,https://source.unsplash.com/400x400/?Spinach,"Fresh Spinach from local farms. High quality vegetables product, rich in nutrients and perfect for daily use."
94,Cabbage,Vegetables,101,kg,https://source.unsplash.com/400x400/?Cabbage,"Fresh Cabbage from local farms. High quality vegetables product, rich in nutrients and perfect for daily use."
95,Apple,Fruits,279,kg,https://source.unsplash.com/400x400/?Apple,"Fresh Apple from local farms. High quality fruits product, rich in nutrients and perfect for daily use."
96,Banana,Fruits,155,kg,https://source.unsplash.com/400x400/?Banana,"Fresh Banana from local farms. High quality fruits product, rich in nutrients and perfect for daily use."
97,Orange,Fruits,289,kg,https://source.unsplash.com/400x400/?Orange,"Fresh Orange from local farms. High quality fruits product, rich in nutrients and perfect for daily use."
98,Mango,Fruits,74,kg,https://source.unsplash.com/400x400/?Mango,"Fresh Mango from local farms. High quality fruits product, rich in nutrients and perfect for daily use."
99,Grapes,Fruits,53,kg,https://source.unsplash.com/400x400/?Grapes,"Fresh Grapes from local farms. High quality fruits product, rich in nutrients and perfect for daily use."
100,Papaya,Fruits,64,kg,https://source.unsplash.com/400x400/?Papaya,"Fresh Papaya from local farms. High quality fruits product, rich in nutrients and perfect for daily use."
101,Milk,Dairy,212,kg,https://source.unsplash.com/400x400/?Milk,"Fresh Milk from local farms. High quality dairy product, rich in nutrients and perfect for daily use."
102,Cheese,Dairy,126,kg,https://source.unsplash.com/400x400/?Cheese,"Fresh Cheese from local farms. High quality dairy product, rich in nutrients and perfect for daily use."
103,Butter,Dairy,300,kg,https://source.unsplash.com/400x400/?Butter,"Fresh Butter from local farms. High quality dairy product, rich in nutrients and perfect for daily use."
104,Paneer,Dairy,289,kg,https://source.unsplash.com/400x400/?Paneer,"Fresh Paneer from local farms. High quality dairy product, rich in nutrients and perfect for daily use."
105,Yogurt,Dairy,28,kg,https://source.unsplash.com/400x400/?Yogurt,"Fresh Yogurt from local farms. High quality dairy product, rich in nutrients and perfect for daily use."
106,Rice,Grains,87,kg,https://source.unsplash.com/400x400/?Rice,"Fresh Rice from local farms. High quality grains product, rich in nutrients and perfect for daily use."
107,Wheat,Grains,277,kg,https://source.unsplash.com/400x400/?Wheat,"Fresh Wheat from local farms. High quality grains product, rich in nutrients and perfect for daily use."
108,Barley,Grains,244,kg,https://source.unsplash.com/400x400/?Barley,"Fresh Barley from local farms. High quality grains product, rich in nutrients and perfect for daily use."
109,Oats,Grains,25,kg,https://source.unsplash.com/400x400/?Oats,"Fresh Oats from local farms. High quality grains product, rich in nutrients and perfect for daily use."
110,Corn,Grains,180,kg,https://source.unsplash.com/400x400/?Corn,"Fresh Corn from local farms. High quality grains product, rich in nutrients and perfect for daily use."
111,Tomato,Vegetables,203,kg,https://source.unsplash.com/400x400/?Tomato,"Fresh Tomato from local farms. High quality vegetables product, rich in nutrients and perfect for daily use."
112,Potato,Vegetables,77,kg,https://source.unsplash.com/400x400/?Potato,"Fresh Potato from local farms. High quality vegetables product, rich in nutrients and perfect for daily use."
113,Onion,Vegetables,189,kg,https://source.unsplash.com/400x400/?Onion,"Fresh Onion from local farms. High quality vegetables product, rich in nutrients and perfect for daily use."
114,Carrot,Vegetables,282,kg,https://source.unsplash.com/400x400/?Carrot,"Fresh Carrot from local farms. High quality vegetables product, rich in nutrients and perfect for daily use."
115,Spinach,Vegetables,267,kg,https://source.unsplash.com/400x400/?Spinach,"Fresh Spinach from local farms. High quality vegetables product, rich in nutrients and perfect for daily use."
116,Cabbage,Vegetables,296,kg,https://source.unsplash.com/400x400/?Cabbage,"Fresh Cabbage from local farms. High quality vegetables product, rich in nutrients and perfect for daily use."
117,Apple,Fruits,113,kg,https://source.unsplash.com/400x400/?Apple,"Fresh Apple from local farms. High quality fruits product, rich in nutrients and perfect for daily use."
118,Banana,Fruits,77,kg,https://source.unsplash.com/400x400/?Banana,"Fresh Banana from local farms. High quality fruits product, rich in nutrients and perfect for daily use."
119,Orange,Fruits,30,kg,https://source.unsplash.com/400x400/?Orange,"Fresh Orange from local farms. High quality fruits product, rich in nutrients and perfect for daily use."
120,Mango,Fruits,74,kg,https://source.unsplash.com/400x400/?Mango,"Fresh Mango from local farms. High quality fruits product, rich in nutrients and perfect for daily use."
121,Grapes,Fruits,110,kg,https://source.unsplash.com/400x400/?Grapes,"Fresh Grapes from local farms. High quality fruits product, rich in nutrients and perfect for daily use."
122,Papaya,Fruits,202,kg,https://source.unsplash.com/400x400/?Papaya,"Fresh Papaya from local farms. High quality fruits product, rich in nutrients and perfect for daily use."
123,Milk,Dairy,32,kg,https://source.unsplash.com/400x400/?Milk,"Fresh Milk from local farms. High quality dairy product, rich in nutrients and perfect for daily use."
124,Cheese,Dairy,147,kg,https://source.unsplash.com/400x400/?Cheese,"Fresh Cheese from local farms. High quality dairy product, rich in nutrients and perfect for daily use."
125,Butter,Dairy,74,kg,https://source.unsplash.com/400x400/?Butter,"Fresh Butter from local farms. High quality dairy product, rich in nutrients and perfect for daily use."
126,Paneer,Dairy,169,kg,https://source.unsplash.com/400x400/?Paneer,"Fresh Paneer from local farms. High quality dairy product, rich in nutrients and perfect for daily use."
127,Yogurt,Dairy,300,kg,https://source.unsplash.com/400x400/?Yogurt,"Fresh Yogurt from local farms. High quality dairy product, rich in nutrients and perfect for daily use."
128,Rice,Grains,188,kg,https://source.unsplash.com/400x400/?Rice,"Fresh Rice from local farms. High quality grains product, rich in nutrients and perfect for daily use."
129,Wheat,Grains,225,kg,https://source.unsplash.com/400x400/?Wheat,"Fresh Wheat from local farms. High quality grains product, rich in nutrients and perfect for daily use."
130,Barley,Grains,153,kg,https://source.unsplash.com/400x400/?Barley,"Fresh Barley from local farms. High quality grains product, rich in nutrients and perfect for daily use."
131,Oats,Grains,90,kg,https://source.unsplash.com/400x400/?Oats,"Fresh Oats from local farms. High quality grains product, rich in nutrients and perfect for daily use."
132,Corn,Grains,160,kg,https://source.unsplash.com/400x400/?Corn,"Fresh Corn from local farms. High quality grains product, rich in nutrients and perfect for daily use."
133,Tomato,Vegetables,26,kg,https://source.unsplash.com/400x400/?Tomato,"Fresh Tomato from local farms. High quality vegetables product, rich in nutrients and perfect for daily use."
134,Potato,Vegetables,143,kg,https://source.unsplash.com/400x400/?Potato,"Fresh Potato from local farms. High quality vegetables product, rich in nutrients and perfect for daily use."
135,Onion,Vegetables,123,kg,https://source.unsplash.com/400x400/?Onion,"Fresh Onion from local farms. High quality vegetables product, rich in nutrients and perfect for daily use."
136,Carrot,Vegetables,199,kg,https://source.unsplash.com/400x400/?Carrot,"Fresh Carrot from local farms. High quality vegetables product, rich in nutrients and perfect for daily use."
137,Spinach,Vegetables,243,kg,https://source.unsplash.com/400x400/?Spinach,"Fresh Spinach from local farms. High quality vegetables product, rich in nutrients and perfect for daily use."
138,Cabbage,Vegetables,278,kg,https://source.unsplash.com/400x400/?Cabbage,"Fresh Cabbage from local farms. High quality vegetables product, rich in nutrients and perfect for daily use."
139,Apple,Fruits,218,kg,https://source.unsplash.com/400x400/?Apple,"Fresh Apple from local farms. High quality fruits product, rich in nutrients and perfect for daily use."
140,Banana,Fruits,50,kg,https://source.unsplash.com/400x400/?Banana,"Fresh Banana from local farms. High quality fruits product, rich in nutrients and perfect for daily use."
141,Orange,Fruits,23,kg,https://source.unsplash.com/400x400/?Orange,"Fresh Orange from local farms. High quality fruits product, rich in nutrients and perfect for daily use."
142,Mango,Fruits,182,kg,https://source.unsplash.com/400x400/?Mango,"Fresh Mango from local farms. High quality fruits product, rich in nutrients and perfect for daily use."
143,Grapes,Fruits,239,kg,https://source.unsplash.com/400x400/?Grapes,"Fresh Grapes from local farms. High quality fruits product, rich in nutrients and perfect for daily use."
144,Papaya,Fruits,191,kg,https://source.unsplash.com/400x400/?Papaya,"Fresh Papaya from local farms. High quality fruits product, rich in nutrients and perfect for daily use."
145,Milk,Dairy,300,kg,https://source.unsplash.com/400x400/?Milk,"Fresh Milk from local farms. High quality dairy product, rich in nutrients and perfect for daily use."
146,Cheese,Dairy,276,kg,https://source.unsplash.com/400x400/?Cheese,"Fresh Cheese from local farms. High quality dairy product, rich in nutrients and perfect for daily use."
147,Butter,Dairy,283,kg,https://source.unsplash.com/400x400/?Butter,"Fresh Butter from local farms. High quality dairy product, rich in nutrients and perfect for daily use."
148,Paneer,Dairy,177,kg,https://source.unsplash.com/400x400/?Paneer,"Fresh Paneer from local farms. High quality dairy product, rich in nutrients and perfect for daily use."
149,Yogurt,Dairy,117,kg,https://source.unsplash.com/400x400/?Yogurt,"Fresh Yogurt from local farms. High quality dairy product, rich in nutrients and perfect for daily use."
150,Rice,Grains,139,kg,https://source.unsplash.com/400x400/?Rice,"Fresh Rice from local farms. High quality grains product, rich in nutrients and perfect for daily use."
151,Wheat,Grains,90,kg,https://source.unsplash.com/400x400/?Wheat,"Fresh Wheat from local farms. High quality grains product, rich in nutrients and perfect for daily use."
152,Barley,Grains,255,kg,https://source.unsplash.com/400x400/?Barley,"Fresh Barley from local farms. High quality grains product, rich in nutrients and perfect for daily use."
153,Oats,Grains,209,kg,https://source.unsplash.com/400x400/?Oats,"Fresh Oats from local farms. High quality grains product, rich in nutrients and perfect for daily use."
154,Corn,Grains,297,kg,https://source.unsplash.com/400x400/?Corn,"Fresh Corn from local farms. High quality grains product, rich in nutrients and perfect for daily use."
155,Tomato,Vegetables,259,kg,https://source.unsplash.com/400x400/?Tomato,"Fresh Tomato from local farms. High quality vegetables product, rich in nutrients and perfect for daily use."
156,Potato,Vegetables,59,kg,https://source.unsplash.com/400x400/?Potato,"Fresh Potato from local farms. High quality vegetables product, rich in nutrients and perfect for daily use."
157,Onion,Vegetables,195,kg,https://source.unsplash.com/400x400/?Onion,"Fresh Onion from local farms. High quality vegetables product, rich in nutrients and perfect for daily use."
158,Carrot,Vegetables,153,kg,https://source.unsplash.com/400x400/?Carrot,"Fresh Carrot from local farms. High quality vegetables product, rich in nutrients and perfect for daily use."
159,Spinach,Vegetables,74,kg,https://source.unsplash.com/400x400/?Spinach,"Fresh Spinach from local farms. High quality vegetables product, rich in nutrients and perfect for daily use."
160,Cabbage,Vegetables,143,kg,https://source.unsplash.com/400x400/?Cabbage,"Fresh Cabbage from local farms. High quality vegetables product, rich in nutrients and perfect for daily use."
161,Apple,Fruits,164,kg,https://source.unsplash.com/400x400/?Apple,"Fresh Apple from local farms. High quality fruits product, rich in nutrients and perfect for daily use."
162,Banana,Fruits,223,kg,https://source.unsplash.com/400x400/?Banana,"Fresh Banana from local farms. High quality fruits product, rich in nutrients and perfect for daily use."
163,Orange,Fruits,285,kg,https://source.unsplash.com/400x400/?Orange,"Fresh Orange from local farms. High quality fruits product, rich in nutrients and perfect for daily use."
164,Mango,Fruits,158,kg,https://source.unsplash.com/400x400/?Mango,"Fresh Mango from local farms. High quality fruits product, rich in nutrients and perfect for daily use."
165,Grapes,Fruits,198,kg,https://source.unsplash.com/400x400/?Grapes,"Fresh Grapes from local farms. High quality fruits product, rich in nutrients and perfect for daily use."
166,Papaya,Fruits,299,kg,https://source.unsplash.com/400x400/?Papaya,"Fresh Papaya from local farms. High quality fruits product, rich in nutrients and perfect for daily use."
167,Milk,Dairy,59,kg,https://source.unsplash.com/400x400/?Milk,"Fresh Milk from local farms. High quality dairy product, rich in nutrients and perfect for daily use."
168,Cheese,Dairy,246,kg,https://source.unsplash.com/400x400/?Cheese,"Fresh Cheese from local farms. High quality dairy product, rich in nutrients and perfect for daily use."
169,Butter,Dairy,108,kg,https://source.unsplash.com/400x400/?Butter,"Fresh Butter from local farms. High quality dairy product, rich in nutrients and perfect for daily use."
170,Paneer,Dairy,32,kg,https://source.unsplash.com/400x400/?Paneer,"Fresh Paneer from local farms. High quality dairy product, rich in nutrients and perfect for daily use."
171,Yogurt,Dairy,55,kg,https://source.unsplash.com/400x400/?Yogurt,"Fresh Yogurt from local farms. High quality dairy product, rich in nutrients and perfect for daily use."
172,Rice,Grains,194,kg,https://source.unsplash.com/400x400/?Rice,"Fresh Rice from local farms. High quality grains product, rich in nutrients and perfect for daily use."
173,Wheat,Grains,205,kg,https://source.unsplash.com/400x400/?Wheat,"Fresh Wheat from local farms. High quality grains product, rich in nutrients and perfect for daily use."
174,Barley,Grains,62,kg,https://source.unsplash.com/400x400/?Barley,"Fresh Barley from local farms. High quality grains product, rich in nutrients and perfect for daily use."
175,Oats,Grains,198,kg,https://source.unsplash.com/400x400/?Oats,"Fresh Oats from local farms. High quality grains product, rich in nutrients and perfect for daily use."
176,Corn,Grains,167,kg,https://source.unsplash.com/400x400/?Corn,"Fresh Corn from local farms. High quality grains product, rich in nutrients and perfect for daily use."
177,Tomato,Vegetables,211,kg,https://source.unsplash.com/400x400/?Tomato,"Fresh Tomato from local farms. High quality vegetables product, rich in nutrients and perfect for daily use."
178,Potato,Vegetables,160,kg,https://source.unsplash.com/400x400/?Potato,"Fresh Potato from local farms. High quality vegetables product, rich in nutrients and perfect for daily use."
179,Onion,Vegetables,179,kg,https://source.unsplash.com/400x400/?Onion,"Fresh Onion from local farms. High quality vegetables product, rich in nutrients and perfect for daily use."
180,Carrot,Vegetables,197,kg,https://source.unsplash.com/400x400/?Carrot,"Fresh Carrot from local farms. High quality vegetables product, rich in nutrients and perfect for daily use."
181,Spinach,Vegetables,193,kg,https://source.unsplash.com/400x400/?Spinach,"Fresh Spinach from local farms. High quality vegetables product, rich in nutrients and perfect for daily use."
182,Cabbage,Vegetables,186,kg,https://source.unsplash.com/400x400/?Cabbage,"Fresh Cabbage from local farms. High quality vegetables product, rich in nutrients and perfect for daily use."
183,Apple,Fruits,281,kg,https://source.unsplash.com/400x400/?Apple,"Fresh Apple from local farms. High quality fruits product, rich in nutrients and perfect for daily use."
184,Banana,Fruits,242,kg,https://source.unsplash.com/400x400/?Banana,"Fresh Banana from local farms. High quality fruits product, rich in nutrients and perfect for daily use."
185,Orange,Fruits,225,kg,https://source.unsplash.com/400x400/?Orange,"Fresh Orange from local farms. High quality fruits product, rich in nutrients and perfect for daily use."
186,Mango,Fruits,102,kg,https://source.unsplash.com/400x400/?Mango,"Fresh Mango from local farms. High quality fruits product, rich in nutrients and perfect for daily use."
187,Grapes,Fruits,75,kg,https://source.unsplash.com/400x400/?Grapes,"Fresh Grapes from local farms. High quality fruits product, rich in nutrients and perfect for daily use."
188,Papaya,Fruits,292,kg,https://source.unsplash.com/400x400/?Papaya,"Fresh Papaya from local farms. High quality fruits product, rich in nutrients and perfect for daily use."
189,Milk,Dairy,226,kg,https://source.unsplash.com/400x400/?Milk,"Fresh Milk from local farms. High quality dairy product, rich in nutrients and perfect for daily use."
190,Cheese,Dairy,56,kg,https://source.unsplash.com/400x400/?Cheese,"Fresh Cheese from local farms. High quality dairy product, rich in nutrients and perfect for daily use."
191,Butter,Dairy,160,kg,https://source.unsplash.com/400x400/?Butter,"Fresh Butter from local farms. High quality dairy product, rich in nutrients and perfect for daily use."
192,Paneer,Dairy,255,kg,https://source.unsplash.com/400x400/?Paneer,"Fresh Paneer from local farms. High quality dairy product, rich in nutrients and perfect for daily use."
193,Yogurt,Dairy,191,kg,https://source.unsplash.com/400x400/?Yogurt,"Fresh Yogurt from local farms. High quality dairy product, rich in nutrients and perfect for daily use."
194,Rice,Grains,99,kg,https://source.unsplash.com/400x400/?Rice,"Fresh Rice from local farms. High quality grains product, rich in nutrients and perfect for daily use."
195,Wheat,Grains,85,kg,https://source.unsplash.com/400x400/?Wheat,"Fresh Wheat from local farms. High quality grains product, rich in nutrients and perfect for daily use."
196,Barley,Grains,178,kg,https://source.unsplash.com/400x400/?Barley,"Fresh Barley from local farms. High quality grains product, rich in nutrients and perfect for daily use."
197,Oats,Grains,132,kg,https://source.unsplash.com/400x400/?Oats,"Fresh Oats from local farms. High quality grains product, rich in nutrients and perfect for daily use."
198,Corn,Grains,21,kg,https://source.unsplash.com/400x400/?Corn,"Fresh Corn from local farms. High quality grains product, rich in nutrients and perfect for daily use."
199,Tomato,Vegetables,73,kg,https://source.unsplash.com/400x400/?Tomato,"Fresh Tomato from local farms. High quality vegetables product, rich in nutrients and perfect for daily use."
200,Potato,Vegetables,200,kg,https://source.unsplash.com/400x400/?Potato,"Fresh Potato from local farms. High quality vegetables product, rich in nutrients and perfect for daily use."
201,Onion,Vegetables,244,kg,https://source.unsplash.com/400x400/?Onion,"Fresh Onion from local farms. High quality vegetables product, rich in nutrients and perfect for daily use."
202,Carrot,Vegetables,298,kg,https://source.unsplash.com/400x400/?Carrot,"Fresh Carrot from local farms. High quality vegetables product, rich in nutrients and perfect for daily use."
203,Spinach,Vegetables,69,kg,https://source.unsplash.com/400x400/?Spinach,"Fresh Spinach from local farms. High quality vegetables product, rich in nutrients and perfect for daily use."
204,Cabbage,Vegetables,184,kg,https://source.unsplash.com/400x400/?Cabbage,"Fresh Cabbage from local farms. High quality vegetables product, rich in nutrients and perfect for daily use."
205,Apple,Fruits,151,kg,https://source.unsplash.com/400x400/?Apple,"Fresh Apple from local farms. High quality fruits product, rich in nutrients and perfect for daily use."
206,Banana,Fruits,263,kg,https://source.unsplash.com/400x400/?Banana,"Fresh Banana from local farms. High quality fruits product, rich in nutrients and perfect for daily use."
207,Orange,Fruits,244,kg,https://source.unsplash.com/400x400/?Orange,"Fresh Orange from local farms. High quality fruits product, rich in nutrients and perfect for daily use."
208,Mango,Fruits,100,kg,https://source.unsplash.com/400x400/?Mango,"Fresh Mango from local farms. High quality fruits product, rich in nutrients and perfect for daily use."
209,Grapes,Fruits,113,kg,https://source.unsplash.com/400x400/?Grapes,"Fresh Grapes from local farms. High quality fruits product, rich in nutrients and perfect for daily use."
210,Papaya,Fruits,234,kg,https://source.unsplash.com/400x400/?Papaya,"Fresh Papaya from local farms. High quality fruits product, rich in nutrients and perfect for daily use."
211,Milk,Dairy,36,kg,https://source.unsplash.com/400x400/?Milk,"Fresh Milk from local farms. High quality dairy product, rich in nutrients and perfect for daily use."
212,Cheese,Dairy,44,kg,https://source.unsplash.com/400x400/?Cheese,"Fresh Cheese from local farms. High quality dairy product, rich in nutrients and perfect for daily use."
213,Butter,Dairy,85,kg,https://source.unsplash.com/400x400/?Butter,"Fresh Butter from local farms. High quality dairy product, rich in nutrients and perfect for daily use."
214,Paneer,Dairy,41,kg,https://source.unsplash.com/400x400/?Paneer,"Fresh Paneer from local farms. High quality dairy product, rich in nutrients and perfect for daily use."
215,Yogurt,Dairy,112,kg,https://source.unsplash.com/400x400/?Yogurt,"Fresh Yogurt from local farms. High quality dairy product, rich in nutrients and perfect for daily use."
216,Rice,Grains,102,kg,https://source.unsplash.com/400x400/?Rice,"Fresh Rice from local farms. High quality grains product, rich in nutrients and perfect for daily use."
217,Wheat,Grains,267,kg,https://source.unsplash.com/400x400/?Wheat,"Fresh Wheat from local farms. High quality grains product, rich in nutrients and perfect for daily use."
218,Barley,Grains,118,kg,https://source.unsplash.com/400x400/?Barley,"Fresh Barley from local farms. High quality grains product, rich in nutrients and perfect for daily use."
219,Oats,Grains,258,kg,https://source.unsplash.com/400x400/?Oats,"Fresh Oats from local farms. High quality grains product, rich in nutrients and perfect for daily use."
220,Corn,Grains,165,kg,https://source.unsplash.com/400x400/?Corn,"Fresh Corn from local farms. High quality grains product, rich in nutrients and perfect for daily use."
221,Tomato,Vegetables,112,kg,https://source.unsplash.com/400x400/?Tomato,"Fresh Tomato from local farms. High quality vegetables product, rich in nutrients and perfect for daily use."
222,Potato,Vegetables,114,kg,https://source.unsplash.com/400x400/?Potato,"Fresh Potato from local farms. High quality vegetables product, rich in nutrients and perfect for daily use."
223,Onion,Vegetables,84,kg,https://source.unsplash.com/400x400/?Onion,"Fresh Onion from local farms. High quality vegetables product, rich in nutrients and perfect for daily use."
224,Carrot,Vegetables,278,kg,https://source.unsplash.com/400x400/?Carrot,"Fresh Carrot from local farms. High quality vegetables product, rich in nutrients and perfect for daily use."
225,Spinach,Vegetables,145,kg,https://source.unsplash.com/400x400/?Spinach,"Fresh Spinach from local farms. High quality vegetables product, rich in nutrients and perfect for daily use."
226,Cabbage,Vegetables,64,kg,https://source.unsplash.com/400x400/?Cabbage,"Fresh Cabbage from local farms. High quality vegetables product, rich in nutrients and perfect for daily use."
227,Apple,Fruits,254,kg,https://source.unsplash.com/400x400/?Apple,"Fresh Apple from local farms. High quality fruits product, rich in nutrients and perfect for daily use."
228,Banana,Fruits,158,kg,https://source.unsplash.com/400x400/?Banana,"Fresh Banana from local farms. High quality fruits product, rich in nutrients and perfect for daily use."
229,Orange,Fruits,235,kg,https://source.unsplash.com/400x400/?Orange,"Fresh Orange from local farms. High quality fruits product, rich in nutrients and perfect for daily use."
230,Mango,Fruits,154,kg,https://source.unsplash.com/400x400/?Mango,"Fresh Mango from local farms. High quality fruits product, rich in nutrients and perfect for daily use."
231,Grapes,Fruits,286,kg,https://source.unsplash.com/400x400/?Grapes,"Fresh Grapes from local farms. High quality fruits product, rich in nutrients and perfect for daily use."
232,Papaya,Fruits,48,kg,https://source.unsplash.com/400x400/?Papaya,"Fresh Papaya from local farms. High quality fruits product, rich in nutrients and perfect for daily use."
233,Milk,Dairy,82,kg,https://source.unsplash.com/400x400/?Milk,"Fresh Milk from local farms. High quality dairy product, rich in nutrients and perfect for daily use."
234,Cheese,Dairy,171,kg,https://source.unsplash.com/400x400/?Cheese,"Fresh Cheese from local farms. High quality dairy product, rich in nutrients and perfect for daily use."
235,Butter,Dairy,290,kg,https://source.unsplash.com/400x400/?Butter,"Fresh Butter from local farms. High quality dairy product, rich in nutrients and perfect for daily use."
236,Paneer,Dairy,125,kg,https://source.unsplash.com/400x400/?Paneer,"Fresh Paneer from local farms. High quality dairy product, rich in nutrients and perfect for daily use."
237,Yogurt,Dairy,68,kg,https://source.unsplash.com/400x400/?Yogurt,"Fresh Yogurt from local farms. High quality dairy product, rich in nutrients and perfect for daily use."
238,Rice,Grains,285,kg,https://source.unsplash.com/400x400/?Rice,"Fresh Rice from local farms. High quality grains product, rich in nutrients and perfect for daily use."
239,Wheat,Grains,288,kg,https://source.unsplash.com/400x400/?Wheat,"Fresh Wheat from local farms. High quality grains product, rich in nutrients and perfect for daily use."
240,Barley,Grains,273,kg,https://source.unsplash.com/400x400/?Barley,"Fresh Barley from local farms. High quality grains product, rich in nutrients and perfect for daily use."
241,Oats,Grains,103,kg,https://source.unsplash.com/400x400/?Oats,"Fresh Oats from local farms. High quality grains product, rich in nutrients and perfect for daily use."
242,Corn,Grains,85,kg,https://source.unsplash.com/400x400/?Corn,"Fresh Corn from local farms. High quality grains product, rich in nutrients and perfect for daily use."
243,Tomato,Vegetables,251,kg,https://source.unsplash.com/400x400/?Tomato,"Fresh Tomato from local farms. High quality vegetables product, rich in nutrients and perfect for daily use."
244,Potato,Vegetables,69,kg,https://source.unsplash.com/400x400/?Potato,"Fresh Potato from local farms. High quality vegetables product, rich in nutrients and perfect for daily use."
245,Onion,Vegetables,71,kg,https://source.unsplash.com/400x400/?Onion,"Fresh Onion from local farms. High quality vegetables product, rich in nutrients and perfect for daily use."
246,Carrot,Vegetables,23,kg,https://source.unsplash.com/400x400/?Carrot,"Fresh Carrot from local farms. High quality vegetables product, rich in nutrients and perfect for daily use."
247,Spinach,Vegetables,241,kg,https://source.unsplash.com/400x400/?Spinach,"Fresh Spinach from local farms. High quality vegetables product, rich in nutrients and perfect for daily use."
248,Cabbage,Vegetables,47,kg,https://source.unsplash.com/400x400/?Cabbage,"Fresh Cabbage from local farms. High quality vegetables product, rich in nutrients and perfect for daily use."
249,Apple,Fruits,84,kg,https://source.unsplash.com/400x400/?Apple,"Fresh Apple from local farms. High quality fruits product, rich in nutrients and perfect for daily use."
250,Banana,Fruits,70,kg,https://source.unsplash.com/400x400/?Banana,"Fresh Banana from local farms. High quality fruits product, rich in nutrients and perfect for daily use."
251,Orange,Fruits,164,kg,https://source.unsplash.com/400x400/?Orange,"Fresh Orange from local farms. High quality fruits product, rich in nutrients and perfect for daily use."
252,Mango,Fruits,22,kg,https://source.unsplash.com/400x400/?Mango,"Fresh Mango from local farms. High quality fruits product, rich in nutrients and perfect for daily use."
253,Grapes,Fruits,214,kg,https://source.unsplash.com/400x400/?Grapes,"Fresh Grapes from local farms. High quality fruits product, rich in nutrients and perfect for daily use."
254,Papaya,Fruits,34,kg,https://source.unsplash.com/400x400/?Papaya,"Fresh Papaya from local farms. High quality fruits product, rich in nutrients and perfect for daily use."
255,Milk,Dairy,212,kg,https://source.unsplash.com/400x400/?Milk,"Fresh Milk from local farms. High quality dairy product, rich in nutrients and perfect for daily use."
256,Cheese,Dairy,291,kg,https://source.unsplash.com/400x400/?Cheese,"Fresh Cheese from local farms. High quality dairy product, rich in nutrients and perfect for daily use."
257,Butter,Dairy,84,kg,https://source.unsplash.com/400x400/?Butter,"Fresh Butter from local farms. High quality dairy product, rich in nutrients and perfect for daily use."
258,Paneer,Dairy,265,kg,https://source.unsplash.com/400x400/?Paneer,"Fresh Paneer from local farms. High quality dairy product, rich in nutrients and perfect for daily use."
259,Yogurt,Dairy,180,kg,https://source.unsplash.com/400x400/?Yogurt,"Fresh Yogurt from local farms. High quality dairy product, rich in nutrients and perfect for daily use."
260,Rice,Grains,123,kg,https://source.unsplash.com/400x400/?Rice,"Fresh Rice from local farms. High quality grains product, rich in nutrients and perfect for daily use."
261,Wheat,Grains,244,kg,https://source.unsplash.com/400x400/?Wheat,"Fresh Wheat from local farms. High quality grains product, rich in nutrients and perfect for daily use."
262,Barley,Grains,37,kg,https://source.unsplash.com/400x400/?Barley,"Fresh Barley from local farms. High quality grains product, rich in nutrients and perfect for daily use."
263,Oats,Grains,254,kg,https://source.unsplash.com/400x400/?Oats,"Fresh Oats from local farms. High quality grains product, rich in nutrients and perfect for daily use."
264,Corn,Grains,238,kg,https://source.unsplash.com/400x400/?Corn,"Fresh Corn from local farms. High quality grains product, rich in nutrients and perfect for daily use."
265,Tomato,Vegetables,278,kg,https://source.unsplash.com/400x400/?Tomato,"Fresh Tomato from local farms. High quality vegetables product, rich in nutrients and perfect for daily use."
266,Potato,Vegetables,78,kg,https://source.unsplash.com/400x400/?Potato,"Fresh Potato from local farms. High quality vegetables product, rich in nutrients and perfect for daily use."
267,Onion,Vegetables,250,kg,https://source.unsplash.com/400x400/?Onion,"Fresh Onion from local farms. High quality vegetables product, rich in nutrients and perfect for daily use."
268,Carrot,Vegetables,247,kg,https://source.unsplash.com/400x400/?Carrot,"Fresh Carrot from local farms. High quality vegetables product, rich in nutrients and perfect for daily use."
269,Spinach,Vegetables,22,kg,https://source.unsplash.com/400x400/?Spinach,"Fresh Spinach from local farms. High quality vegetables product, rich in nutrients and perfect for daily use."
270,Cabbage,Vegetables,138,kg,https://source.unsplash.com/400x400/?Cabbage,"Fresh Cabbage from local farms. High quality vegetables product, rich in nutrients and perfect for daily use."
271,Apple,Fruits,233,kg,https://source.unsplash.com/400x400/?Apple,"Fresh Apple from local farms. High quality fruits product, rich in nutrients and perfect for daily use."
272,Banana,Fruits,84,kg,https://source.unsplash.com/400x400/?Banana,"Fresh Banana from local farms. High quality fruits product, rich in nutrients and perfect for daily use."
273,Orange,Fruits,295,kg,https://source.unsplash.com/400x400/?Orange,"Fresh Orange from local farms. High quality fruits product, rich in nutrients and perfect for daily use."
274,Mango,Fruits,234,kg,https://source.unsplash.com/400x400/?Mango,"Fresh Mango from local farms. High quality fruits product, rich in nutrients and perfect for daily use."
275,Grapes,Fruits,145,kg,https://source.unsplash.com/400x400/?Grapes,"Fresh Grapes from local farms. High quality fruits product, rich in nutrients and perfect for daily use."
276,Papaya,Fruits,62,kg,https://source.unsplash.com/400x400/?Papaya,"Fresh Papaya from local farms. High quality fruits product, rich in nutrients and perfect for daily use."
277,Milk,Dairy,101,kg,https://source.unsplash.com/400x400/?Milk,"Fresh Milk from local farms. High quality dairy product, rich in nutrients and perfect for daily use."
278,Cheese,Dairy,236,kg,https://source.unsplash.com/400x400/?Cheese,"Fresh Cheese from local farms. High quality dairy product, rich in nutrients and perfect for daily use."
279,Butter,Dairy,115,kg,https://source.unsplash.com/400x400/?Butter,"Fresh Butter from local farms. High quality dairy product, rich in nutrients and perfect for daily use."
280,Paneer,Dairy,27,kg,https://source.unsplash.com/400x400/?Paneer,"Fresh Paneer from local farms. High quality dairy product, rich in nutrients and perfect for daily use."
281,Yogurt,Dairy,219,kg,https://source.unsplash.com/400x400/?Yogurt,"Fresh Yogurt from local farms. High quality dairy product, rich in nutrients and perfect for daily use."
282,Rice,Grains,203,kg,https://source.unsplash.com/400x400/?Rice,"Fresh Rice from local farms. High quality grains product, rich in nutrients and perfect for daily use."
283,Wheat,Grains,132,kg,https://source.unsplash.com/400x400/?Wheat,"Fresh Wheat from local farms. High quality grains product, rich in nutrients and perfect for daily use."
284,Barley,Grains,129,kg,https://source.unsplash.com/400x400/?Barley,"Fresh Barley from local farms. High quality grains product, rich in nutrients and perfect for daily use."
285,Oats,Grains,230,kg,https://source.unsplash.com/400x400/?Oats,"Fresh Oats from local farms. High quality grains product, rich in nutrients and perfect for daily use."
286,Corn,Grains,72,kg,https://source.unsplash.com/400x400/?Corn,"Fresh Corn from local farms. High quality grains product, rich in nutrients and perfect for daily use."
287,Tomato,Vegetables,225,kg,https://source.unsplash.com/400x400/?Tomato,"Fresh Tomato from local farms. High quality vegetables product, rich in nutrients and perfect for daily use."
288,Potato,Vegetables,209,kg,https://source.unsplash.com/400x400/?Potato,"Fresh Potato from local farms. High quality vegetables product, rich in nutrients and perfect for daily use."
289,Onion,Vegetables,67,kg,https://source.unsplash.com/400x400/?Onion,"Fresh Onion from local farms. High quality vegetables product, rich in nutrients and perfect for daily use."
290,Carrot,Vegetables,137,kg,https://source.unsplash.com/400x400/?Carrot,"Fresh Carrot from local farms. High quality vegetables product, rich in nutrients and perfect for daily use."
291,Spinach,Vegetables,206,kg,https://source.unsplash.com/400x400/?Spinach,"Fresh Spinach from local farms. High quality vegetables product, rich in nutrients and perfect for daily use."
292,Cabbage,Vegetables,32,kg,https://source.unsplash.com/400x400/?Cabbage,"Fresh Cabbage from local farms. High quality vegetables product, rich in nutrients and perfect for daily use."
293,Apple,Fruits,275,kg,https://source.unsplash.com/400x400/?Apple,"Fresh Apple from local farms. High quality fruits product, rich in nutrients and perfect for daily use."
294,Banana,Fruits,173,kg,https://source.unsplash.com/400x400/?Banana,"Fresh Banana from local farms. High quality fruits product, rich in nutrients and perfect for daily use."
295,Orange,Fruits,33,kg,https://source.unsplash.com/400x400/?Orange,"Fresh Orange from local farms. High quality fruits product, rich in nutrients and perfect for daily use."
296,Mango,Fruits,236,kg,https://source.unsplash.com/400x400/?Mango,"Fresh Mango from local farms. High quality fruits product, rich in nutrients and perfect for daily use."
297,Grapes,Fruits,24,kg,https://source.unsplash.com/400x400/?Grapes,"Fresh Grapes from local farms. High quality fruits product, rich in nutrients and perfect for daily use."
298,Papaya,Fruits,98,kg,https://source.unsplash.com/400x400/?Papaya,"Fresh Papaya from local farms. High quality fruits product, rich in nutrients and perfect for daily use."
299,Milk,Dairy,258,kg,https://source.unsplash.com/400x400/?Milk,"Fresh Milk from local farms. High quality dairy product, rich in nutrients and perfect for daily use."
300,Cheese,Dairy,161,kg,https://source.unsplash.com/400x400/?Cheese,"Fresh Cheese from local farms. High quality dairy product, rich in nutrients and perfect for daily use."
301,Butter,Dairy,217,kg,https://source.unsplash.com/400x400/?Butter,"Fresh Butter from local farms. High quality dairy product, rich in nutrients and perfect for daily use."
302,Paneer,Dairy,22,kg,https://source.unsplash.com/400x400/?Paneer,"Fresh Paneer from local farms. High quality dairy product, rich in nutrients and perfect for daily use."
303,Yogurt,Dairy,295,kg,https://source.unsplash.com/400x400/?Yogurt,"Fresh Yogurt from local farms. High quality dairy product, rich in nutrients and perfect for daily use."
304,Rice,Grains,144,kg,https://source.unsplash.com/400x400/?Rice,"Fresh Rice from local farms. High quality grains product, rich in nutrients and perfect for daily use."
305,Wheat,Grains,224,kg,https://source.unsplash.com/400x400/?Wheat,"Fresh Wheat from local farms. High quality grains product, rich in nutrients and perfect for daily use."
306,Barley,Grains,183,kg,https://source.unsplash.com/400x400/?Barley,"Fresh Barley from local farms. High quality grains product, rich in nutrients and perfect for daily use."
307,Oats,Grains,81,kg,https://source.unsplash.com/400x400/?Oats,"Fresh Oats from local farms. High quality grains product, rich in nutrients and perfect for daily use."
308,Corn,Grains,226,kg,https://source.unsplash.com/400x400/?Corn,"Fresh Corn from local farms. High quality grains product, rich in nutrients and perfect for daily use."
309,Tomato,Vegetables,22,kg,https://source.unsplash.com/400x400/?Tomato,"Fresh Tomato from local farms. High quality vegetables product, rich in nutrients and perfect for daily use."
310,Potato,Vegetables,153,kg,https://source.unsplash.com/400x400/?Potato,"Fresh Potato from local farms. High quality vegetables product, rich in nutrients and perfect for daily use."
311,Onion,Vegetables,215,kg,https://source.unsplash.com/400x400/?Onion,"Fresh Onion from local farms. High quality vegetables product, rich in nutrients and perfect for daily use."
312,Carrot,Vegetables,206,kg,https://source.unsplash.com/400x400/?Carrot,"Fresh Carrot from local farms. High quality vegetables product, rich in nutrients and perfect for daily use."
313,Spinach,Vegetables,215,kg,https://source.unsplash.com/400x400/?Spinach,"Fresh Spinach from local farms. High quality vegetables product, rich in nutrients and perfect for daily use."
314,Cabbage,Vegetables,109,kg,https://source.unsplash.com/400x400/?Cabbage,"Fresh Cabbage from local farms. High quality vegetables product, rich in nutrients and perfect for daily use."
315,Apple,Fruits,192,kg,https://source.unsplash.com/400x400/?Apple,"Fresh Apple from local farms. High quality fruits product, rich in nutrients and perfect for daily use."
316,Banana,Fruits,148,kg,https://source.unsplash.com/400x400/?Banana,"Fresh Banana from local farms. High quality fruits product, rich in nutrients and perfect for daily use."
317,Orange,Fruits,33,kg,https://source.unsplash.com/400x400/?Orange,"Fresh Orange from local farms. High quality fruits product, rich in nutrients and perfect for daily use."
318,Mango,Fruits,142,kg,https://source.unsplash.com/400x400/?Mango,"Fresh Mango from local farms. High quality fruits product, rich in nutrients and perfect for daily use."
319,Grapes,Fruits,134,kg,https://source.unsplash.com/400x400/?Grapes,"Fresh Grapes from local farms. High quality fruits product, rich in nutrients and perfect for daily use."
320,Papaya,Fruits,289,kg,https://source.unsplash.com/400x400/?Papaya,"Fresh Papaya from local farms. High quality fruits product, rich in nutrients and perfect for daily use."
321,Milk,Dairy,286,kg,https://source.unsplash.com/400x400/?Milk,"Fresh Milk from local farms. High quality dairy product, rich in nutrients and perfect for daily use."
322,Cheese,Dairy,120,kg,https://source.unsplash.com/400x400/?Cheese,"Fresh Cheese from local farms. High quality dairy product, rich in nutrients and perfect for daily use."
323,Butter,Dairy,171,kg,https://source.unsplash.com/400x400/?Butter,"Fresh Butter from local farms. High quality dairy product, rich in nutrients and perfect for daily use."
324,Paneer,Dairy,84,kg,https://source.unsplash.com/400x400/?Paneer,"Fresh Paneer from local farms. High quality dairy product, rich in nutrients and perfect for daily use."
325,Yogurt,Dairy,224,kg,https://source.unsplash.com/400x400/?Yogurt,"Fresh Yogurt from local farms. High quality dairy product, rich in nutrients and perfect for daily use."
326,Rice,Grains,37,kg,https://source.unsplash.com/400x400/?Rice,"Fresh Rice from local farms. High quality grains product, rich in nutrients and perfect for daily use."
327,Wheat,Grains,293,kg,https://source.unsplash.com/400x400/?Wheat,"Fresh Wheat from local farms. High quality grains product, rich in nutrients and perfect for daily use."
328,Barley,Grains,56,kg,https://source.unsplash.com/400x400/?Barley,"Fresh Barley from local farms. High quality grains product, rich in nutrients and perfect for daily use."
329,Oats,Grains,60,kg,https://source.unsplash.com/400x400/?Oats,"Fresh Oats from local farms. High quality grains product, rich in nutrients and perfect for daily use."
330,Corn,Grains,287,kg,https://source.unsplash.com/400x400/?Corn,"Fresh Corn from local farms. High quality grains product, rich in nutrients and perfect for daily use."
331,Tomato,Vegetables,190,kg,https://source.unsplash.com/400x400/?Tomato,"Fresh Tomato from local farms. High quality vegetables product, rich in nutrients and perfect for daily use."
332,Potato,Vegetables,93,kg,https://source.unsplash.com/400x400/?Potato,"Fresh Potato from local farms. High quality vegetables product, rich in nutrients and perfect for daily use."
333,Onion,Vegetables,295,kg,https://source.unsplash.com/400x400/?Onion,"Fresh Onion from local farms. High quality vegetables product, rich in nutrients and perfect for daily use."
334,Carrot,Vegetables,142,kg,https://source.unsplash.com/400x400/?Carrot,"Fresh Carrot from local farms. High quality vegetables product, rich in nutrients and perfect for daily use."
335,Spinach,Vegetables,275,kg,https://source.unsplash.com/400x400/?Spinach,"Fresh Spinach from local farms. High quality vegetables product, rich in nutrients and perfect for daily use."
336,Cabbage,Vegetables,259,kg,https://source.unsplash.com/400x400/?Cabbage,"Fresh Cabbage from local farms. High quality vegetables product, rich in nutrients and perfect for daily use."
337,Apple,Fruits,243,kg,https://source.unsplash.com/400x400/?Apple,"Fresh Apple from local farms. High quality fruits product, rich in nutrients and perfect for daily use."
338,Banana,Fruits,68,kg,https://source.unsplash.com/400x400/?Banana,"Fresh Banana from local farms. High quality fruits product, rich in nutrients and perfect for daily use."
339,Orange,Fruits,100,kg,https://source.unsplash.com/400x400/?Orange,"Fresh Orange from local farms. High quality fruits product, rich in nutrients and perfect for daily use."
340,Mango,Fruits,238,kg,https://source.unsplash.com/400x400/?Mango,"Fresh Mango from local farms. High quality fruits product, rich in nutrients and perfect for daily use."
341,Grapes,Fruits,291,kg,https://source.unsplash.com/400x400/?Grapes,"Fresh Grapes from local farms. High quality fruits product, rich in nutrients and perfect for daily use."
342,Papaya,Fruits,197,kg,https://source.unsplash.com/400x400/?Papaya,"Fresh Papaya from local farms. High quality fruits product, rich in nutrients and perfect for daily use."
343,Milk,Dairy,171,kg,https://source.unsplash.com/400x400/?Milk,"Fresh Milk from local farms. High quality dairy product, rich in nutrients and perfect for daily use."
344,Cheese,Dairy,73,kg,https://source.unsplash.com/400x400/?Cheese,"Fresh Cheese from local farms. High quality dairy product, rich in nutrients and perfect for daily use."
345,Butter,Dairy,216,kg,https://source.unsplash.com/400x400/?Butter,"Fresh Butter from local farms. High quality dairy product, rich in nutrients and perfect for daily use."
346,Paneer,Dairy,149,kg,https://source.unsplash.com/400x400/?Paneer,"Fresh Paneer from local farms. High quality dairy product, rich in nutrients and perfect for daily use."
347,Yogurt,Dairy,254,kg,https://source.unsplash.com/400x400/?Yogurt,"Fresh Yogurt from local farms. High quality dairy product, rich in nutrients and perfect for daily use."
348,Rice,Grains,235,kg,https://source.unsplash.com/400x400/?Rice,"Fresh Rice from local farms. High quality grains product, rich in nutrients and perfect for daily use."
349,Wheat,Grains,131,kg,https://source.unsplash.com/400x400/?Wheat,"Fresh Wheat from local farms. High quality grains product, rich in nutrients and perfect for daily use."
350,Barley,Grains,102,kg,https://source.unsplash.com/400x400/?Barley,"Fresh Barley from local farms. High quality grains product, rich in nutrients and perfect for daily use."
351,Oats,Grains,267,kg,https://source.unsplash.com/400x400/?Oats,"Fresh Oats from local farms. High quality grains product, rich in nutrients and perfect for daily use."
352,Corn,Grains,101,kg,https://source.unsplash.com/400x400/?Corn,"Fresh Corn from local farms. High quality grains product, rich in nutrients and perfect for daily use."
353,Tomato,Vegetables,177,kg,https://source.unsplash.com/400x400/?Tomato,"Fresh Tomato from local farms. High quality vegetables product, rich in nutrients and perfect for daily use."
354,Potato,Vegetables,211,kg,https://source.unsplash.com/400x400/?Potato,"Fresh Potato from local farms. High quality vegetables product, rich in nutrients and perfect for daily use."
355,Onion,Vegetables,156,kg,https://source.unsplash.com/400x400/?Onion,"Fresh Onion from local farms. High quality vegetables product, rich in nutrients and perfect for daily use."
356,Carrot,Vegetables,45,kg,https://source.unsplash.com/400x400/?Carrot,"Fresh Carrot from local farms. High quality vegetables product, rich in nutrients and perfect for daily use."
357,Spinach,Vegetables,183,kg,https://source.unsplash.com/400x400/?Spinach,"Fresh Spinach from local farms. High quality vegetables product, rich in nutrients and perfect for daily use."
358,Cabbage,Vegetables,235,kg,https://source.unsplash.com/400x400/?Cabbage,"Fresh Cabbage from local farms. High quality vegetables product, rich in nutrients and perfect for daily use."
359,Apple,Fruits,267,kg,https://source.unsplash.com/400x400/?Apple,"Fresh Apple from local farms. High quality fruits product, rich in nutrients and perfect for daily use."
360,Banana,Fruits,214,kg,https://source.unsplash.com/400x400/?Banana,"Fresh Banana from local farms. High quality fruits product, rich in nutrients and perfect for daily use."
361,Orange,Fruits,149,kg,https://source.unsplash.com/400x400/?Orange,"Fresh Orange from local farms. High quality fruits product, rich in nutrients and perfect for daily use."
362,Mango,Fruits,149,kg,https://source.unsplash.com/400x400/?Mango,"Fresh Mango from local farms. High quality fruits product, rich in nutrients and perfect for daily use."
363,Grapes,Fruits,118,kg,https://source.unsplash.com/400x400/?Grapes,"Fresh Grapes from local farms. High quality fruits product, rich in nutrients and perfect for daily use."
364,Papaya,Fruits,276,kg,https://source.unsplash.com/400x400/?Papaya,"Fresh Papaya from local farms. High quality fruits product, rich in nutrients and perfect for daily use."
365,Milk,Dairy,230,kg,https://source.unsplash.com/400x400/?Milk,"Fresh Milk from local farms. High quality dairy product, rich in nutrients and perfect for daily use."
366,Cheese,Dairy,269,kg,https://source.unsplash.com/400x400/?Cheese,"Fresh Cheese from local farms. High quality dairy product, rich in nutrients and perfect for daily use."
367,Butter,Dairy,195,kg,https://source.unsplash.com/400x400/?Butter,"Fresh Butter from local farms. High quality dairy product, rich in nutrients and perfect for daily use."
368,Paneer,Dairy,77,kg,https://source.unsplash.com/400x400/?Paneer,"Fresh Paneer from local farms. High quality dairy product, rich in nutrients and perfect for daily use."
369,Yogurt,Dairy,243,kg,https://source.unsplash.com/400x400/?Yogurt,"Fresh Yogurt from local farms. High quality dairy product, rich in nutrients and perfect for daily use."
370,Rice,Grains,229,kg,https://source.unsplash.com/400x400/?Rice,"Fresh Rice from local farms. High quality grains product, rich in nutrients and perfect for daily use."
371,Wheat,Grains,79,kg,https://source.unsplash.com/400x400/?Wheat,"Fresh Wheat from local farms. High quality grains product, rich in nutrients and perfect for daily use."
372,Barley,Grains,31,kg,https://source.unsplash.com/400x400/?Barley,"Fresh Barley from local farms. High quality grains product, rich in nutrients and perfect for daily use."
373,Oats,Grains,98,kg,https://source.unsplash.com/400x400/?Oats,"Fresh Oats from local farms. High quality grains product, rich in nutrients and perfect for daily use."
374,Corn,Grains,216,kg,https://source.unsplash.com/400x400/?Corn,"Fresh Corn from local farms. High quality grains product, rich in nutrients and perfect for daily use."
375,Tomato,Vegetables,252,kg,https://source.unsplash.com/400x400/?Tomato,"Fresh Tomato from local farms. High quality vegetables product, rich in nutrients and perfect for daily use."
376,Potato,Vegetables,173,kg,https://source.unsplash.com/400x400/?Potato,"Fresh Potato from local farms. High quality vegetables product, rich in nutrients and perfect for daily use."
377,Onion,Vegetables,178,kg,https://source.unsplash.com/400x400/?Onion,"Fresh Onion from local farms. High quality vegetables product, rich in nutrients and perfect for daily use."
378,Carrot,Vegetables,119,kg,https://source.unsplash.com/400x400/?Carrot,"Fresh Carrot from local farms. High quality vegetables product, rich in nutrients and perfect for daily use."
379,Spinach,Vegetables,245,kg,https://source.unsplash.com/400x400/?Spinach,"Fresh Spinach from local farms. High quality vegetables product, rich in nutrients and perfect for daily use."
380,Cabbage,Vegetables,289,kg,https://source.unsplash.com/400x400/?Cabbage,"Fresh Cabbage from local farms. High quality vegetables product, rich in nutrients and perfect for daily use."
381,Apple,Fruits,52,kg,https://source.unsplash.com/400x400/?Apple,"Fresh Apple from local farms. High quality fruits product, rich in nutrients and perfect for daily use."
382,Banana,Fruits,182,kg,https://source.unsplash.com/400x400/?Banana,"Fresh Banana from local farms. High quality fruits product, rich in nutrients and perfect for daily use."
383,Orange,Fruits,293,kg,https://source.unsplash.com/400x400/?Orange,"Fresh Orange from local farms. High quality fruits product, rich in nutrients and perfect for daily use."
384,Mango,Fruits,240,kg,https://source.unsplash.com/400x400/?Mango,"Fresh Mango from local farms. High quality fruits product, rich in nutrients and perfect for daily use."
385,Grapes,Fruits,206,kg,https://source.unsplash.com/400x400/?Grapes,"Fresh Grapes from local farms. High quality fruits product, rich in nutrients and perfect for daily use."
386,Papaya,Fruits,267,kg,https://source.unsplash.com/400x400/?Papaya,"Fresh Papaya from local farms. High quality fruits product, rich in nutrients and perfect for daily use."
387,Milk,Dairy,184,kg,https://source.unsplash.com/400x400/?Milk,"Fresh Milk from local farms. High quality dairy product, rich in nutrients and perfect for daily use."
388,Cheese,Dairy,278,kg,https://source.unsplash.com/400x400/?Cheese,"Fresh Cheese from local farms. High quality dairy product, rich in nutrients and perfect for daily use."
389,Butter,Dairy,48,kg,https://source.unsplash.com/400x400/?Butter,"Fresh Butter from local farms. High quality dairy product, rich in nutrients and perfect for daily use."
390,Paneer,Dairy,119,kg,https://source.unsplash.com/400x400/?Paneer,"Fresh Paneer from local farms. High quality dairy product, rich in nutrients and perfect for daily use."
391,Yogurt,Dairy,128,kg,https://source.unsplash.com/400x400/?Yogurt,"Fresh Yogurt from local farms. High quality dairy product, rich in nutrients and perfect for daily use."
392,Rice,Grains,142,kg,https://source.unsplash.com/400x400/?Rice,"Fresh Rice from local farms. High quality grains product, rich in nutrients and perfect for daily use."
393,Wheat,Grains,208,kg,https://source.unsplash.com/400x400/?Wheat,"Fresh Wheat from local farms. High quality grains product, rich in nutrients and perfect for daily use."
394,Barley,Grains,253,kg,https://source.unsplash.com/400x400/?Barley,"Fresh Barley from local farms. High quality grains product, rich in nutrients and perfect for daily use."
395,Oats,Grains,207,kg,https://source.unsplash.com/400x400/?Oats,"Fresh Oats from local farms. High quality grains product, rich in nutrients and perfect for daily use."
396,Corn,Grains,54,kg,https://source.unsplash.com/400x400/?Corn,"Fresh Corn from local farms. High quality grains product, rich in nutrients and perfect for daily use."
397,Tomato,Vegetables,230,kg,https://source.unsplash.com/400x400/?Tomato,"Fresh Tomato from local farms. High quality vegetables product, rich in nutrients and perfect for daily use."
398,Potato,Vegetables,233,kg,https://source.unsplash.com/400x400/?Potato,"Fresh Potato from local farms. High quality vegetables product, rich in nutrients and perfect for daily use."
399,Onion,Vegetables,47,kg,https://source.unsplash.com/400x400/?Onion,"Fresh Onion from local farms. High quality vegetables product, rich in nutrients and perfect for daily use."
400,Carrot,Vegetables,227,kg,https://source.unsplash.com/400x400/?Carrot,"Fresh Carrot from local farms. High quality vegetables product, rich in nutrients and perfect for daily use."
401,Spinach,Vegetables,70,kg,https://source.unsplash.com/400x400/?Spinach,"Fresh Spinach from local farms. High quality vegetables product, rich in nutrients and perfect for daily use."
402,Cabbage,Vegetables,292,kg,https://source.unsplash.com/400x400/?Cabbage,"Fresh Cabbage from local farms. High quality vegetables product, rich in nutrients and perfect for daily use."
403,Apple,Fruits,140,kg,https://source.unsplash.com/400x400/?Apple,"Fresh Apple from local farms. High quality fruits product, rich in nutrients and perfect for daily use."
404,Banana,Fruits,149,kg,https://source.unsplash.com/400x400/?Banana,"Fresh Banana from local farms. High quality fruits product, rich in nutrients and perfect for daily use."
405,Orange,Fruits,148,kg,https://source.unsplash.com/400x400/?Orange,"Fresh Orange from local farms. High quality fruits product, rich in nutrients and perfect for daily use."
406,Mango,Fruits,56,kg,https://source.unsplash.com/400x400/?Mango,"Fresh Mango from local farms. High quality fruits product, rich in nutrients and perfect for daily use."
407,Grapes,Fruits,189,kg,https://source.unsplash.com/400x400/?Grapes,"Fresh Grapes from local farms. High quality fruits product, rich in nutrients and perfect for daily use."
408,Papaya,Fruits,283,kg,https://source.unsplash.com/400x400/?Papaya,"Fresh Papaya from local farms. High quality fruits product, rich in nutrients and perfect for daily use."
409,Milk,Dairy,115,kg,https://source.unsplash.com/400x400/?Milk,"Fresh Milk from local farms. High quality dairy product, rich in nutrients and perfect for daily use."
410,Cheese,Dairy,235,kg,https://source.unsplash.com/400x400/?Cheese,"Fresh Cheese from local farms. High quality dairy product, rich in nutrients and perfect for daily use."
411,Butter,Dairy,115,kg,https://source.unsplash.com/400x400/?Butter,"Fresh Butter from local farms. High quality dairy product, rich in nutrients and perfect for daily use."
412,Paneer,Dairy,192,kg,https://source.unsplash.com/400x400/?Paneer,"Fresh Paneer from local farms. High quality dairy product, rich in nutrients and perfect for daily use."
413,Yogurt,Dairy,174,kg,https://source.unsplash.com/400x400/?Yogurt,"Fresh Yogurt from local farms. High quality dairy product, rich in nutrients and perfect for daily use."
414,Rice,Grains,110,kg,https://source.unsplash.com/400x400/?Rice,"Fresh Rice from local farms. High quality grains product, rich in nutrients and perfect for daily use."
415,Wheat,Grains,240,kg,https://source.unsplash.com/400x400/?Wheat,"Fresh Wheat from local farms. High quality grains product, rich in nutrients and perfect for daily use."
416,Barley,Grains,252,kg,https://source.unsplash.com/400x400/?Barley,"Fresh Barley from local farms. High quality grains product, rich in nutrients and perfect for daily use."
417,Oats,Grains,70,kg,https://source.unsplash.com/400x400/?Oats,"Fresh Oats from local farms. High quality grains product, rich in nutrients and perfect for daily use."
418,Corn,Grains,295,kg,https://source.unsplash.com/400x400/?Corn,"Fresh Corn from local farms. High quality grains product, rich in nutrients and perfect for daily use."
419,Tomato,Vegetables,243,kg,https://source.unsplash.com/400x400/?Tomato,"Fresh Tomato from local farms. High quality vegetables product, rich in nutrients and perfect for daily use."
420,Potato,Vegetables,96,kg,https://source.unsplash.com/400x400/?Potato,"Fresh Potato from local farms. High quality vegetables product, rich in nutrients and perfect for daily use."
421,Onion,Vegetables,291,kg,https://source.unsplash.com/400x400/?Onion,"Fresh Onion from local farms. High quality vegetables product, rich in nutrients and perfect for daily use."
422,Carrot,Vegetables,201,kg,https://source.unsplash.com/400x400/?Carrot,"Fresh Carrot from local farms. High quality vegetables product, rich in nutrients and perfect for daily use."
423,Spinach,Vegetables,277,kg,https://source.unsplash.com/400x400/?Spinach,"Fresh Spinach from local farms. High quality vegetables product, rich in nutrients and perfect for daily use."
424,Cabbage,Vegetables,295,kg,https://source.unsplash.com/400x400/?Cabbage,"Fresh Cabbage from local farms. High quality vegetables product, rich in nutrients and perfect for daily use."
425,Apple,Fruits,21,kg,https://source.unsplash.com/400x400/?Apple,"Fresh Apple from local farms. High quality fruits product, rich in nutrients and perfect for daily use."
426,Banana,Fruits,101,kg,https://source.unsplash.com/400x400/?Banana,"Fresh Banana from local farms. High quality fruits product, rich in nutrients and perfect for daily use."
427,Orange,Fruits,38,kg,https://source.unsplash.com/400x400/?Orange,"Fresh Orange from local farms. High quality fruits product, rich in nutrients and perfect for daily use."
428,Mango,Fruits,64,kg,https://source.unsplash.com/400x400/?Mango,"Fresh Mango from local farms. High quality fruits product, rich in nutrients and perfect for daily use."
429,Grapes,Fruits,32,kg,https://source.unsplash.com/400x400/?Grapes,"Fresh Grapes from local farms. High quality fruits product, rich in nutrients and perfect for daily use."
430,Papaya,Fruits,129,kg,https://source.unsplash.com/400x400/?Papaya,"Fresh Papaya from local farms. High quality fruits product, rich in nutrients and perfect for daily use."
431,Milk,Dairy,173,kg,https://source.unsplash.com/400x400/?Milk,"Fresh Milk from local farms. High quality dairy product, rich in nutrients and perfect for daily use."
432,Cheese,Dairy,280,kg,https://source.unsplash.com/400x400/?Cheese,"Fresh Cheese from local farms. High quality dairy product, rich in nutrients and perfect for daily use."
433,Butter,Dairy,166,kg,https://source.unsplash.com/400x400/?Butter,"Fresh Butter from local farms. High quality dairy product, rich in nutrients and perfect for daily use."
434,Paneer,Dairy,246,kg,https://source.unsplash.com/400x400/?Paneer,"Fresh Paneer from local farms. High quality dairy product, rich in nutrients and perfect for daily use."
435,Yogurt,Dairy,163,kg,https://source.unsplash.com/400x400/?Yogurt,"Fresh Yogurt from local farms. High quality dairy product, rich in nutrients and perfect for daily use."
436,Rice,Grains,236,kg,https://source.unsplash.com/400x400/?Rice,"Fresh Rice from local farms. High quality grains product, rich in nutrients and perfect for daily use."
437,Wheat,Grains,24,kg,https://source.unsplash.com/400x400/?Wheat,"Fresh Wheat from local farms. High quality grains product, rich in nutrients and perfect for daily use."
438,Barley,Grains,262,kg,https://source.unsplash.com/400x400/?Barley,"Fresh Barley from local farms. High quality grains product, rich in nutrients and perfect for daily use."
439,Oats,Grains,122,kg,https://source.unsplash.com/400x400/?Oats,"Fresh Oats from local farms. High quality grains product, rich in nutrients and perfect for daily use."
440,Corn,Grains,238,kg,https://source.unsplash.com/400x400/?Corn,"Fresh Corn from local farms. High quality grains product, rich in nutrients and perfect for daily use."
441,Tomato,Vegetables,163,kg,https://source.unsplash.com/400x400/?Tomato,"Fresh Tomato from local farms. High quality vegetables product, rich in nutrients and perfect for daily use."
442,Potato,Vegetables,189,kg,https://source.unsplash.com/400x400/?Potato,"Fresh Potato from local farms. High quality vegetables product, rich in nutrients and perfect for daily use."
443,Onion,Vegetables,252,kg,https://source.unsplash.com/400x400/?Onion,"Fresh Onion from local farms. High quality vegetables product, rich in nutrients and perfect for daily use."
444,Carrot,Vegetables,199,kg,https://source.unsplash.com/400x400/?Carrot,"Fresh Carrot from local farms. High quality vegetables product, rich in nutrients and perfect for daily use."
445,Spinach,Vegetables,97,kg,https://source.unsplash.com/400x400/?Spinach,"Fresh Spinach from local farms. High quality vegetables product, rich in nutrients and perfect for daily use."
446,Cabbage,Vegetables,237,kg,https://source.unsplash.com/400x400/?Cabbage,"Fresh Cabbage from local farms. High quality vegetables product, rich in nutrients and perfect for daily use."
447,Apple,Fruits,30,kg,https://source.unsplash.com/400x400/?Apple,"Fresh Apple from local farms. High quality fruits product, rich in nutrients and perfect for daily use."
448,Banana,Fruits,206,kg,https://source.unsplash.com/400x400/?Banana,"Fresh Banana from local farms. High quality fruits product, rich in nutrients and perfect for daily use."
449,Orange,Fruits,131,kg,https://source.unsplash.com/400x400/?Orange,"Fresh Orange from local farms. High quality fruits product, rich in nutrients and perfect for daily use."
450,Mango,Fruits,137,kg,https://source.unsplash.com/400x400/?Mango,"Fresh Mango from local farms. High quality fruits product, rich in nutrients and perfect for daily use."
451,Grapes,Fruits,224,kg,https://source.unsplash.com/400x400/?Grapes,"Fresh Grapes from local farms. High quality fruits product, rich in nutrients and perfect for daily use."
452,Papaya,Fruits,47,kg,https://source.unsplash.com/400x400/?Papaya,"Fresh Papaya from local farms. High quality fruits product, rich in nutrients and perfect for daily use."
453,Milk,Dairy,169,kg,https://source.unsplash.com/400x400/?Milk,"Fresh Milk from local farms. High quality dairy product, rich in nutrients and perfect for daily use."
454,Cheese,Dairy,111,kg,https://source.unsplash.com/400x400/?Cheese,"Fresh Cheese from local farms. High quality dairy product, rich in nutrients and perfect for daily use."
455,Butter,Dairy,56,kg,https://source.unsplash.com/400x400/?Butter,"Fresh Butter from local farms. High quality dairy product, rich in nutrients and perfect for daily use."
456,Paneer,Dairy,105,kg,https://source.unsplash.com/400x400/?Paneer,"Fresh Paneer from local farms. High quality dairy product, rich in nutrients and perfect for daily use."
457,Yogurt,Dairy,271,kg,https://source.unsplash.com/400x400/?Yogurt,"Fresh Yogurt from local farms. High quality dairy product, rich in nutrients and perfect for daily use."
458,Rice,Grains,95,kg,https://source.unsplash.com/400x400/?Rice,"Fresh Rice from local farms. High quality grains product, rich in nutrients and perfect for daily use."
459,Wheat,Grains,142,kg,https://source.unsplash.com/400x400/?Wheat,"Fresh Wheat from local farms. High quality grains product, rich in nutrients and perfect for daily use."
460,Barley,Grains,126,kg,https://source.unsplash.com/400x400/?Barley,"Fresh Barley from local farms. High quality grains product, rich in nutrients and perfect for daily use."
461,Oats,Grains,267,kg,https://source.unsplash.com/400x400/?Oats,"Fresh Oats from local farms. High quality grains product, rich in nutrients and perfect for daily use."
462,Corn,Grains,179,kg,https://source.unsplash.com/400x400/?Corn,"Fresh Corn from local farms. High quality grains product, rich in nutrients and perfect for daily use."
463,Tomato,Vegetables,141,kg,https://source.unsplash.com/400x400/?Tomato,"Fresh Tomato from local farms. High quality vegetables product, rich in nutrients and perfect for daily use."
464,Potato,Vegetables,213,kg,https://source.unsplash.com/400x400/?Potato,"Fresh Potato from local farms. High quality vegetables product, rich in nutrients and perfect for daily use."
465,Onion,Vegetables,178,kg,https://source.unsplash.com/400x400/?Onion,"Fresh Onion from local farms. High quality vegetables product, rich in nutrients and perfect for daily use."
466,Carrot,Vegetables,138,kg,https://source.unsplash.com/400x400/?Carrot,"Fresh Carrot from local farms. High quality vegetables product, rich in nutrients and perfect for daily use."
467,Spinach,Vegetables,149,kg,https://source.unsplash.com/400x400/?Spinach,"Fresh Spinach from local farms. High quality vegetables product, rich in nutrients and perfect for daily use."
468,Cabbage,Vegetables,46,kg,https://source.unsplash.com/400x400/?Cabbage,"Fresh Cabbage from local farms. High quality vegetables product, rich in nutrients and perfect for daily use."
469,Apple,Fruits,92,kg,https://source.unsplash.com/400x400/?Apple,"Fresh Apple from local farms. High quality fruits product, rich in nutrients and perfect for daily use."
470,Banana,Fruits,71,kg,https://source.unsplash.com/400x400/?Banana,"Fresh Banana from local farms. High quality fruits product, rich in nutrients and perfect for daily use."
471,Orange,Fruits,91,kg,https://source.unsplash.com/400x400/?Orange,"Fresh Orange from local farms. High quality fruits product, rich in nutrients and perfect for daily use."
472,Mango,Fruits,271,kg,https://source.unsplash.com/400x400/?Mango,"Fresh Mango from local farms. High quality fruits product, rich in nutrients and perfect for daily use."
473,Grapes,Fruits,226,kg,https://source.unsplash.com/400x400/?Grapes,"Fresh Grapes from local farms. High quality fruits product, rich in nutrients and perfect for daily use."
474,Papaya,Fruits,267,kg,https://source.unsplash.com/400x400/?Papaya,"Fresh Papaya from local farms. High quality fruits product, rich in nutrients and perfect for daily use."
475,Milk,Dairy,184,kg,https://source.unsplash.com/400x400/?Milk,"Fresh Milk from local farms. High quality dairy product, rich in nutrients and perfect for daily use."
476,Cheese,Dairy,41,kg,https://source.unsplash.com/400x400/?Cheese,"Fresh Cheese from local farms. High quality dairy product, rich in nutrients and perfect for daily use."
477,Butter,Dairy,100,kg,https://source.unsplash.com/400x400/?Butter,"Fresh Butter from local farms. High quality dairy product, rich in nutrients and perfect for daily use."
478,Paneer,Dairy,152,kg,https://source.unsplash.com/400x400/?Paneer,"Fresh Paneer from local farms. High quality dairy product, rich in nutrients and perfect for daily use."
479,Yogurt,Dairy,215,kg,https://source.unsplash.com/400x400/?Yogurt,"Fresh Yogurt from local farms. High quality dairy product, rich in nutrients and perfect for daily use."
480,Rice,Grains,255,kg,https://source.unsplash.com/400x400/?Rice,"Fresh Rice from local farms. High quality grains product, rich in nutrients and perfect for daily use."
481,Wheat,Grains,166,kg,https://source.unsplash.com/400x400/?Wheat,"Fresh Wheat from local farms. High quality grains product, rich in nutrients and perfect for daily use."
482,Barley,Grains,288,kg,https://source.unsplash.com/400x400/?Barley,"Fresh Barley from local farms. High quality grains product, rich in nutrients and perfect for daily use."
483,Oats,Grains,43,kg,https://source.unsplash.com/400x400/?Oats,"Fresh Oats from local farms. High quality grains product, rich in nutrients and perfect for daily use."
484,Corn,Grains,231,kg,https://source.unsplash.com/400x400/?Corn,"Fresh Corn from local farms. High quality grains product, rich in nutrients and perfect for daily use."
485,Tomato,Vegetables,276,kg,https://source.unsplash.com/400x400/?Tomato,"Fresh Tomato from local farms. High quality vegetables product, rich in nutrients and perfect for daily use."
486,Potato,Vegetables,166,kg,https://source.unsplash.com/400x400/?Potato,"Fresh Potato from local farms. High quality vegetables product, rich in nutrients and perfect for daily use."
487,Onion,Vegetables,116,kg,https://source.unsplash.com/400x400/?Onion,"Fresh Onion from local farms. High quality vegetables product, rich in nutrients and perfect for daily use."
488,Carrot,Vegetables,243,kg,https://source.unsplash.com/400x400/?Carrot,"Fresh Carrot from local farms. High quality vegetables product, rich in nutrients and perfect for daily use."
489,Spinach,Vegetables,74,kg,https://source.unsplash.com/400x400/?Spinach,"Fresh Spinach from local farms. High quality vegetables product, rich in nutrients and perfect for daily use."
490,Cabbage,Vegetables,210,kg,https://source.unsplash.com/400x400/?Cabbage,"Fresh Cabbage from local farms. High quality vegetables product, rich in nutrients and perfect for daily use."
491,Apple,Fruits,242,kg,https://source.unsplash.com/400x400/?Apple,"Fresh Apple from local farms. High quality fruits product, rich in nutrients and perfect for daily use."
492,Banana,Fruits,27,kg,https://source.unsplash.com/400x400/?Banana,"Fresh Banana from local farms. High quality fruits product, rich in nutrients and perfect for daily use."
493,Orange,Fruits,80,kg,https://source.unsplash.com/400x400/?Orange,"Fresh Orange from local farms. High quality fruits product, rich in nutrients and perfect for daily use."
494,Mango,Fruits,244,kg,https://source.unsplash.com/400x400/?Mango,"Fresh Mango from local farms. High quality fruits product, rich in nutrients and perfect for daily use."
495,Grapes,Fruits,99,kg,https://source.unsplash.com/400x400/?Grapes,"Fresh Grapes from local farms. High quality fruits product, rich in nutrients and perfect for daily use."
496,Papaya,Fruits,290,kg,https://source.unsplash.com/400x400/?Papaya,"Fresh Papaya from local farms. High quality fruits product, rich in nutrients and perfect for daily use."
497,Milk,Dairy,80,kg,https://source.unsplash.com/400x400/?Milk,"Fresh Milk from local farms. High quality dairy product, rich in nutrients and perfect for daily use."
498,Cheese,Dairy,67,kg,https://source.unsplash.com/400x400/?Cheese,"Fresh Cheese from local farms. High quality dairy product, rich in nutrients and perfect for daily use."
499,Butter,Dairy,39,kg,https://source.unsplash.com/400x400/?Butter,"Fresh Butter from local farms. High quality dairy product, rich in nutrients and perfect for daily use."
500,Paneer,Dairy,289,kg,https://source.unsplash.com/400x400/?Paneer,"Fresh Paneer from local farms. High quality dairy product, rich in nutrients and perfect for daily use."
